State,Region,Business Unit,Product Group,2008,2009
Alabama,E S Cen,Furniture,Chairs & Chairmats,900.37,7073.55
Alabama,E S Cen,Furniture,Office Furnishings,-411.97,391.91
Alabama,E S Cen,Furniture,Tables,-654.75,-546.56
Alabama,E S Cen,Office Supplies,Appliances,3625.46,-1871.53
Alabama,E S Cen,Office Supplies,Binders And Binder Accessories,-225.41,-363.94
Alabama,E S Cen,Office Supplies,Envelopes,548.37,128.29
Alabama,E S Cen,Office Supplies,Labels,839.74,458.56
Alabama,E S Cen,Office Supplies,Paper,3874.28,2321.22
Alabama,E S Cen,Office Supplies,Pens & Art Supplies,-122.61,302.56
Alabama,E S Cen,Office Supplies,Rubber Bands,10.27,-65.92
Alabama,E S Cen,Office Supplies,"Scissors, Rulers And Trimmers",-8.71,-102.83
Alabama,E S Cen,Office Supplies,Storage & Organization,825.35,326.66
Alabama,E S Cen,Technology,Computer Peripherals,845.68,3575.25
Alabama,E S Cen,Technology,Copiers And Fax,0,8676.27
Alabama,E S Cen,Technology,Office Machines,-22.61,0
Alabama,E S Cen,Technology,Telephones And Communication,22614.87,35955.7
Arizona,Mtn,Furniture,Bookcases,0,-1400.91
Arizona,Mtn,Furniture,Chairs & Chairmats,3202.96,-905.21
Arizona,Mtn,Furniture,Office Furnishings,25.19,103.66
Arizona,Mtn,Furniture,Tables,-1801.61,0
Arizona,Mtn,Office Supplies,Appliances,1047.37,-1695.87
Arizona,Mtn,Office Supplies,Binders And Binder Accessories,25.09,-254.68
Arizona,Mtn,Office Supplies,Envelopes,0,680.31
Arizona,Mtn,Office Supplies,Labels,802.03,672.73
Arizona,Mtn,Office Supplies,Paper,4489.11,4056.09
Arizona,Mtn,Office Supplies,Pens & Art Supplies,-82.47,334.16
Arizona,Mtn,Office Supplies,Rubber Bands,94.33,116.18
Arizona,Mtn,Office Supplies,"Scissors, Rulers And Trimmers",-204.71,0
Arizona,Mtn,Office Supplies,Storage & Organization,-783.27,1343.41
Arizona,Mtn,Technology,Computer Peripherals,1054.12,2884.86
Arizona,Mtn,Technology,Office Machines,8104.54,0
Arizona,Mtn,Technology,Telephones And Communication,29406.09,41702.48
Arkansas,W S Cen,Furniture,Bookcases,-839.26,0
Arkansas,W S Cen,Furniture,Chairs & Chairmats,1831.78,3669.36
Arkansas,W S Cen,Furniture,Office Furnishings,-111.21,-413.79
Arkansas,W S Cen,Furniture,Tables,-468.44,0
Arkansas,W S Cen,Office Supplies,Appliances,69.01,47.49
Arkansas,W S Cen,Office Supplies,Binders And Binder Accessories,-62.52,189.6
Arkansas,W S Cen,Office Supplies,Envelopes,3215.34,360.47
Arkansas,W S Cen,Office Supplies,Labels,619.94,590.12
Arkansas,W S Cen,Office Supplies,Paper,4878.71,4485.09
Arkansas,W S Cen,Office Supplies,Pens & Art Supplies,94.08,283.64
Arkansas,W S Cen,Office Supplies,Rubber Bands,43.44,-61.35
Arkansas,W S Cen,Office Supplies,"Scissors, Rulers And Trimmers",-12.73,0
Arkansas,W S Cen,Office Supplies,Storage & Organization,-3556.29,699.02
Arkansas,W S Cen,Technology,Computer Peripherals,1486.09,3631.17
Arkansas,W S Cen,Technology,Office Machines,-22.61,0
Arkansas,W S Cen,Technology,Telephones And Communication,26909.04,28624.16
California,Pacific,Furniture,Bookcases,159.67,0
California,Pacific,Furniture,Chairs & Chairmats,6712.34,1545.49
California,Pacific,Furniture,Office Furnishings,-205.53,-316.27
California,Pacific,Furniture,Tables,1408.57,0
California,Pacific,Office Supplies,Appliances,151.29,-10.07
California,Pacific,Office Supplies,Binders And Binder Accessories,-58.05,756.34
California,Pacific,Office Supplies,Envelopes,1607.7,-168.62
California,Pacific,Office Supplies,Labels,680.21,1185.67
California,Pacific,Office Supplies,Paper,5790.24,3001.26
California,Pacific,Office Supplies,Pens & Art Supplies,115.67,62.34
California,Pacific,Office Supplies,Rubber Bands,-126.42,2.99
California,Pacific,Office Supplies,"Scissors, Rulers And Trimmers",-155.11,-63.18
California,Pacific,Office Supplies,Storage & Organization,-1179.33,-3886.67
California,Pacific,Technology,Computer Peripherals,1803.9,6044.79
California,Pacific,Technology,Copiers And Fax,4438.89,0
California,Pacific,Technology,Office Machines,-12.85,0
California,Pacific,Technology,Telephones And Communication,38299.63,60314.75
Colorado,Mtn,Furniture,Bookcases,36.65,-1189.33
Colorado,Mtn,Furniture,Chairs & Chairmats,4372.81,1090.89
Colorado,Mtn,Furniture,Office Furnishings,384.78,-28.1
Colorado,Mtn,Furniture,Tables,-2630.53,-3035.53
Colorado,Mtn,Office Supplies,Appliances,3876.59,-1566.08
Colorado,Mtn,Office Supplies,Binders And Binder Accessories,337.54,185.58
Colorado,Mtn,Office Supplies,Envelopes,89.74,0
Colorado,Mtn,Office Supplies,Labels,1048.45,778.63
Colorado,Mtn,Office Supplies,Paper,5875.47,2216.23
Colorado,Mtn,Office Supplies,Pens & Art Supplies,78.58,439.95
Colorado,Mtn,Office Supplies,Rubber Bands,-32.84,-28.7
Colorado,Mtn,Office Supplies,"Scissors, Rulers And Trimmers",-63.71,-72.34
Colorado,Mtn,Office Supplies,Storage & Organization,1960.97,1963.13
Colorado,Mtn,Technology,Computer Peripherals,2850.78,678.16
Colorado,Mtn,Technology,Copiers And Fax,2900.33,0
Colorado,Mtn,Technology,Telephones And Communication,44993.25,35123.47
Connecticut,N Eng,Furniture,Bookcases,0,-1421.47
Connecticut,N Eng,Furniture,Chairs & Chairmats,2772.72,-727.61
Connecticut,N Eng,Furniture,Office Furnishings,372.86,-235.8
Connecticut,N Eng,Furniture,Tables,-325.27,668.48
Connecticut,N Eng,Office Supplies,Appliances,72.37,-262.34
Connecticut,N Eng,Office Supplies,Binders And Binder Accessories,3003.85,1811.14
Connecticut,N Eng,Office Supplies,Envelopes,0,-66.39
Connecticut,N Eng,Office Supplies,Labels,1458.53,940.42
Connecticut,N Eng,Office Supplies,Paper,4023.62,1144.22
Connecticut,N Eng,Office Supplies,Pens & Art Supplies,-435.91,-47.98
Connecticut,N Eng,Office Supplies,Rubber Bands,28.17,9.33
Connecticut,N Eng,Office Supplies,"Scissors, Rulers And Trimmers",-142.85,9.47
Connecticut,N Eng,Office Supplies,Storage & Organization,-1024.19,706.31
Connecticut,N Eng,Technology,Computer Peripherals,2954.93,3315.31
Connecticut,N Eng,Technology,Copiers And Fax,0,1913.26
Connecticut,N Eng,Technology,Office Machines,6365.29,0
Connecticut,N Eng,Technology,Telephones And Communication,26123.65,40030.51
Delaware,S Atl,Furniture,Bookcases,-207.82,-459.3
Delaware,S Atl,Furniture,Chairs & Chairmats,1218.6,-1588.99
Delaware,S Atl,Furniture,Office Furnishings,-140.6,210.39
Delaware,S Atl,Furniture,Tables,-4831.35,0
Delaware,S Atl,Office Supplies,Appliances,196.93,161.88
Delaware,S Atl,Office Supplies,Binders And Binder Accessories,769.02,-58.71
Delaware,S Atl,Office Supplies,Envelopes,1266.19,405.62
Delaware,S Atl,Office Supplies,Labels,805.16,1020.59
Delaware,S Atl,Office Supplies,Paper,2149.93,1854.34
Delaware,S Atl,Office Supplies,Pens & Art Supplies,-123.64,235.07
Delaware,S Atl,Office Supplies,Rubber Bands,4.91,-60.47
Delaware,S Atl,Office Supplies,"Scissors, Rulers And Trimmers",-355.93,-230.51
Delaware,S Atl,Office Supplies,Storage & Organization,-176.47,953.01
Delaware,S Atl,Technology,Computer Peripherals,2787.8,2109.72
Delaware,S Atl,Technology,Telephones And Communication,41547.43,54209.37
District of Columbia,S Atl,Furniture,Chairs & Chairmats,2656.89,-561.85
District of Columbia,S Atl,Furniture,Office Furnishings,-703.69,-560.8
District of Columbia,S Atl,Furniture,Tables,-62.67,-3189.04
District of Columbia,S Atl,Office Supplies,Appliances,1964.05,1.24
District of Columbia,S Atl,Office Supplies,Binders And Binder Accessories,466.3,598.98
District of Columbia,S Atl,Office Supplies,Envelopes,0,90.32
District of Columbia,S Atl,Office Supplies,Labels,249.93,575.79
District of Columbia,S Atl,Office Supplies,Paper,2159.29,786.6
District of Columbia,S Atl,Office Supplies,Pens & Art Supplies,-139.5,86.12
District of Columbia,S Atl,Office Supplies,Rubber Bands,97.05,-5.98
District of Columbia,S Atl,Office Supplies,"Scissors, Rulers And Trimmers",0,-43.73
District of Columbia,S Atl,Office Supplies,Storage & Organization,1547.55,1119.66
District of Columbia,S Atl,Technology,Computer Peripherals,1597.21,1619.9
District of Columbia,S Atl,Technology,Telephones And Communication,30388.43,22198.95
Florida,S Atl,Furniture,Chairs & Chairmats,-264.42,-280.48
Florida,S Atl,Furniture,Office Furnishings,-214.17,-1404.48
Florida,S Atl,Furniture,Tables,-70.41,-972.29
Florida,S Atl,Office Supplies,Appliances,1148.46,-55.66
Florida,S Atl,Office Supplies,Binders And Binder Accessories,1077.28,-356.17
Florida,S Atl,Office Supplies,Envelopes,1526.31,77.93
Florida,S Atl,Office Supplies,Labels,221.45,1184.4
Florida,S Atl,Office Supplies,Paper,1000.29,1457.92
Florida,S Atl,Office Supplies,Pens & Art Supplies,106.96,511.63
Florida,S Atl,Office Supplies,Rubber Bands,262.54,-12.64
Florida,S Atl,Office Supplies,"Scissors, Rulers And Trimmers",-63.71,-214.2
Florida,S Atl,Office Supplies,Storage & Organization,91.71,-440.39
Florida,S Atl,Technology,Computer Peripherals,2119.36,4674.69
Florida,S Atl,Technology,Copiers And Fax,4438.89,17389.56
Florida,S Atl,Technology,Office Machines,-22.61,0
Florida,S Atl,Technology,Telephones And Communication,51341.51,60663.77
Georgia,S Atl,Furniture,Chairs & Chairmats,602.51,3089.96
Georgia,S Atl,Furniture,Office Furnishings,402.04,-735.08
Georgia,S Atl,Furniture,Tables,-325.27,-1835.77
Georgia,S Atl,Office Supplies,Appliances,-747.35,0
Georgia,S Atl,Office Supplies,Binders And Binder Accessories,1150.65,607.98
Georgia,S Atl,Office Supplies,Envelopes,38.76,21.5
Georgia,S Atl,Office Supplies,Labels,73.93,862.07
Georgia,S Atl,Office Supplies,Paper,5775.65,3326.67
Georgia,S Atl,Office Supplies,Pens & Art Supplies,64.42,28.19
Georgia,S Atl,Office Supplies,Rubber Bands,2.79,-20.98
Georgia,S Atl,Office Supplies,"Scissors, Rulers And Trimmers",76.08,0
Georgia,S Atl,Office Supplies,Storage & Organization,-901.61,1160.73
Georgia,S Atl,Technology,Computer Peripherals,1804.02,3146.21
Georgia,S Atl,Technology,Copiers And Fax,0,8676.27
Georgia,S Atl,Technology,Telephones And Communication,19968.72,32787.51
Idaho,Mtn,Furniture,Bookcases,0,609.87
Idaho,Mtn,Furniture,Chairs & Chairmats,2983.26,-737.83
Idaho,Mtn,Furniture,Office Furnishings,-116.69,-553.65
Idaho,Mtn,Furniture,Tables,-3781.49,-1851.21
Idaho,Mtn,Office Supplies,Appliances,942.49,-11.2
Idaho,Mtn,Office Supplies,Binders And Binder Accessories,656.9,-228.03
Idaho,Mtn,Office Supplies,Envelopes,1833.04,4.41
Idaho,Mtn,Office Supplies,Labels,565.75,935.87
Idaho,Mtn,Office Supplies,Paper,4999.69,1480.23
Idaho,Mtn,Office Supplies,Pens & Art Supplies,-31.48,45.96
Idaho,Mtn,Office Supplies,Rubber Bands,35.91,116.05
Idaho,Mtn,Office Supplies,"Scissors, Rulers And Trimmers",0,-173.99
Idaho,Mtn,Office Supplies,Storage & Organization,787.73,1569.58
Idaho,Mtn,Technology,Computer Peripherals,6674.34,1974.46
Idaho,Mtn,Technology,Office Machines,3555.89,0
Idaho,Mtn,Technology,Telephones And Communication,26785.05,28867.55
Illinois,E N Cen,Furniture,Bookcases,-162.66,0
Illinois,E N Cen,Furniture,Chairs & Chairmats,-361.33,295.46
Illinois,E N Cen,Furniture,Office Furnishings,-591.2,-527.33
Illinois,E N Cen,Furniture,Tables,-352.54,-5040.84
Illinois,E N Cen,Office Supplies,Appliances,142.31,193.15
Illinois,E N Cen,Office Supplies,Binders And Binder Accessories,146.81,910.15
Illinois,E N Cen,Office Supplies,Envelopes,1656.34,-441.79
Illinois,E N Cen,Office Supplies,Labels,1166.18,758.66
Illinois,E N Cen,Office Supplies,Paper,4035.01,341.31
Illinois,E N Cen,Office Supplies,Pens & Art Supplies,-18.08,452.15
Illinois,E N Cen,Office Supplies,Rubber Bands,-34.14,17.39
Illinois,E N Cen,Office Supplies,"Scissors, Rulers And Trimmers",49.6,254.07
Illinois,E N Cen,Office Supplies,Storage & Organization,4265.65,1428.04
Illinois,E N Cen,Technology,Computer Peripherals,7992.67,1546.4
Illinois,E N Cen,Technology,Copiers And Fax,8795.76,0
Illinois,E N Cen,Technology,Office Machines,8104.54,0
Illinois,E N Cen,Technology,Telephones And Communication,40352.22,48618.55
Indiana,E N Cen,Furniture,Bookcases,-20.82,0
Indiana,E N Cen,Furniture,Chairs & Chairmats,51.21,2679.55
Indiana,E N Cen,Furniture,Office Furnishings,275.26,-238.16
Indiana,E N Cen,Furniture,Tables,-40.61,-53.99
Indiana,E N Cen,Office Supplies,Appliances,0,250.86
Indiana,E N Cen,Office Supplies,Binders And Binder Accessories,113.66,406.96
Indiana,E N Cen,Office Supplies,Envelopes,26.15,268.6
Indiana,E N Cen,Office Supplies,Labels,716.07,276.99
Indiana,E N Cen,Office Supplies,Paper,3972.26,5848.79
Indiana,E N Cen,Office Supplies,Pens & Art Supplies,72.3,81.9
Indiana,E N Cen,Office Supplies,Rubber Bands,31.69,34.25
Indiana,E N Cen,Office Supplies,"Scissors, Rulers And Trimmers",-211.7,0
Indiana,E N Cen,Office Supplies,Storage & Organization,1861.12,1648.84
Indiana,E N Cen,Technology,Computer Peripherals,5537.3,91.84
Indiana,E N Cen,Technology,Telephones And Communication,33909.36,18965.02
Iowa,W N Cen,Furniture,Bookcases,-565.75,0
Iowa,W N Cen,Furniture,Chairs & Chairmats,4724.28,34.49
Iowa,W N Cen,Furniture,Office Furnishings,90.79,-86.04
Iowa,W N Cen,Furniture,Tables,-1416.72,-487.59
Iowa,W N Cen,Office Supplies,Appliances,123.7,-1220.85
Iowa,W N Cen,Office Supplies,Binders And Binder Accessories,40,307.49
Iowa,W N Cen,Office Supplies,Envelopes,1586.32,2683.15
Iowa,W N Cen,Office Supplies,Labels,390.85,274.98
Iowa,W N Cen,Office Supplies,Paper,2183.89,1138.25
Iowa,W N Cen,Office Supplies,Pens & Art Supplies,-4.36,288.04
Iowa,W N Cen,Office Supplies,Rubber Bands,32.54,-19.57
Iowa,W N Cen,Office Supplies,Storage & Organization,-126.53,-330.14
Iowa,W N Cen,Technology,Computer Peripherals,4153.16,1625.48
Iowa,W N Cen,Technology,Copiers And Fax,5895.43,0
Iowa,W N Cen,Technology,Telephones And Communication,17647.26,50514.13
Kansas,W N Cen,Furniture,Bookcases,13.49,0
Kansas,W N Cen,Furniture,Chairs & Chairmats,3791.97,4977.21
Kansas,W N Cen,Furniture,Office Furnishings,-523.16,-114.14
Kansas,W N Cen,Furniture,Tables,-5402.18,-3040.85
Kansas,W N Cen,Office Supplies,Appliances,916.68,166.19
Kansas,W N Cen,Office Supplies,Binders And Binder Accessories,-505.48,-44.43
Kansas,W N Cen,Office Supplies,Envelopes,0.21,321.79
Kansas,W N Cen,Office Supplies,Labels,1250.26,377.76
Kansas,W N Cen,Office Supplies,Paper,2419.96,-386.04
Kansas,W N Cen,Office Supplies,Pens & Art Supplies,-36.67,-22.62
Kansas,W N Cen,Office Supplies,Rubber Bands,10.12,-35.23
Kansas,W N Cen,Office Supplies,"Scissors, Rulers And Trimmers",7.33,-149.62
Kansas,W N Cen,Office Supplies,Storage & Organization,1298.02,706.07
Kansas,W N Cen,Technology,Computer Peripherals,968.42,826.82
Kansas,W N Cen,Technology,Office Machines,6365.29,0
Kansas,W N Cen,Technology,Telephones And Communication,47359.75,33358.92
Kentucky,E S Cen,Furniture,Bookcases,0,-201.95
Kentucky,E S Cen,Furniture,Chairs & Chairmats,3278.02,4786.47
Kentucky,E S Cen,Furniture,Office Furnishings,-96.2,-955.15
Kentucky,E S Cen,Furniture,Tables,-3099.3,-4966.87
Kentucky,E S Cen,Office Supplies,Appliances,916.68,0
Kentucky,E S Cen,Office Supplies,Binders And Binder Accessories,-948.96,1994.33
Kentucky,E S Cen,Office Supplies,Envelopes,0,461.45
Kentucky,E S Cen,Office Supplies,Labels,187.48,945.97
Kentucky,E S Cen,Office Supplies,Paper,1232.72,1059.93
Kentucky,E S Cen,Office Supplies,Pens & Art Supplies,36.87,172.05
Kentucky,E S Cen,Office Supplies,Rubber Bands,8.33,80.79
Kentucky,E S Cen,Office Supplies,"Scissors, Rulers And Trimmers",-307.24,-64.77
Kentucky,E S Cen,Office Supplies,Storage & Organization,-1157.05,-1324.05
Kentucky,E S Cen,Technology,Computer Peripherals,704.66,2073.66
Kentucky,E S Cen,Technology,Copiers And Fax,0,8713.29
Kentucky,E S Cen,Technology,Office Machines,3533.28,0
Kentucky,E S Cen,Technology,Telephones And Communication,30874.6,32456.97
Louisiana,W S Cen,Furniture,Bookcases,0,-459.3
Louisiana,W S Cen,Furniture,Chairs & Chairmats,888.14,-79.86
Louisiana,W S Cen,Furniture,Office Furnishings,-418.16,6.07
Louisiana,W S Cen,Furniture,Tables,-3041.2,0
Louisiana,W S Cen,Office Supplies,Binders And Binder Accessories,-206.67,10.16
Louisiana,W S Cen,Office Supplies,Envelopes,0,58.54
Louisiana,W S Cen,Office Supplies,Labels,438.07,202.81
Louisiana,W S Cen,Office Supplies,Paper,2773.75,1445.95
Louisiana,W S Cen,Office Supplies,Pens & Art Supplies,-98.91,3.64
Louisiana,W S Cen,Office Supplies,Rubber Bands,35.34,-12.44
Louisiana,W S Cen,Office Supplies,"Scissors, Rulers And Trimmers",0,-35.72
Louisiana,W S Cen,Office Supplies,Storage & Organization,-198.07,-130.79
Louisiana,W S Cen,Technology,Computer Peripherals,954.91,229.7
Louisiana,W S Cen,Technology,Copiers And Fax,0,8885.1
Louisiana,W S Cen,Technology,Telephones And Communication,15085.63,25211.01
Maine,N Eng,Furniture,Bookcases,0,361.95
Maine,N Eng,Furniture,Chairs & Chairmats,-267.77,2427.99
Maine,N Eng,Furniture,Office Furnishings,-149.91,-29.02
Maine,N Eng,Furniture,Tables,-2717.83,-2179.48
Maine,N Eng,Office Supplies,Appliances,0,1106.61
Maine,N Eng,Office Supplies,Binders And Binder Accessories,2539.64,690.2
Maine,N Eng,Office Supplies,Envelopes,1741.22,0
Maine,N Eng,Office Supplies,Labels,945.26,652.66
Maine,N Eng,Office Supplies,Paper,4176.63,5353.68
Maine,N Eng,Office Supplies,Pens & Art Supplies,37.75,-86.85
Maine,N Eng,Office Supplies,Rubber Bands,-0.44,13.02
Maine,N Eng,Office Supplies,"Scissors, Rulers And Trimmers",-91.87,27.28
Maine,N Eng,Office Supplies,Storage & Organization,1926.8,1401.38
Maine,N Eng,Technology,Computer Peripherals,7194.81,2722.52
Maine,N Eng,Technology,Copiers And Fax,0,8885.1
Maine,N Eng,Technology,Office Machines,6365.29,0
Maine,N Eng,Technology,Telephones And Communication,31123.18,24946.63
Maryland,S Atl,Furniture,Bookcases,-566.13,100.19
Maryland,S Atl,Furniture,Chairs & Chairmats,5097.01,5074.23
Maryland,S Atl,Furniture,Office Furnishings,241.98,-62.74
Maryland,S Atl,Furniture,Tables,-1893.54,-700.59
Maryland,S Atl,Office Supplies,Appliances,300.14,104.6
Maryland,S Atl,Office Supplies,Binders And Binder Accessories,238.89,275.93
Maryland,S Atl,Office Supplies,Envelopes,0,80.46
Maryland,S Atl,Office Supplies,Labels,2383.2,1425.67
Maryland,S Atl,Office Supplies,Paper,9896.04,6156.24
Maryland,S Atl,Office Supplies,Pens & Art Supplies,102.28,24.89
Maryland,S Atl,Office Supplies,Rubber Bands,29.41,-104.62
Maryland,S Atl,Office Supplies,"Scissors, Rulers And Trimmers",-228.85,214.7
Maryland,S Atl,Office Supplies,Storage & Organization,-687.07,3195.29
Maryland,S Atl,Technology,Computer Peripherals,4456.73,3947.78
Maryland,S Atl,Technology,Copiers And Fax,6562.17,0
Maryland,S Atl,Technology,Office Machines,588.53,0
Maryland,S Atl,Technology,Telephones And Communication,37482.05,57091.73
Massachusetts,N Eng,Furniture,Bookcases,-129.88,0
Massachusetts,N Eng,Furniture,Chairs & Chairmats,80.2,-1041.08
Massachusetts,N Eng,Furniture,Office Furnishings,37.37,-205.17
Massachusetts,N Eng,Furniture,Tables,0,-149.06
Massachusetts,N Eng,Office Supplies,Appliances,0,1399.2
Massachusetts,N Eng,Office Supplies,Binders And Binder Accessories,-180.18,776.29
Massachusetts,N Eng,Office Supplies,Envelopes,921.73,0
Massachusetts,N Eng,Office Supplies,Labels,289.85,642.82
Massachusetts,N Eng,Office Supplies,Paper,-434.18,1807.55
Massachusetts,N Eng,Office Supplies,Pens & Art Supplies,39.58,-13.26
Massachusetts,N Eng,Office Supplies,Rubber Bands,2.6,0
Massachusetts,N Eng,Office Supplies,"Scissors, Rulers And Trimmers",0,137.37
Massachusetts,N Eng,Office Supplies,Storage & Organization,-75.8,-563.91
Massachusetts,N Eng,Technology,Computer Peripherals,354.34,1986.85
Massachusetts,N Eng,Technology,Copiers And Fax,6562.17,0
Massachusetts,N Eng,Technology,Office Machines,0,-25.4
Massachusetts,N Eng,Technology,Telephones And Communication,18886.57,23561.68
Michigan,E N Cen,Furniture,Bookcases,0,-783.46
Michigan,E N Cen,Furniture,Chairs & Chairmats,-1346.66,4173.86
Michigan,E N Cen,Furniture,Office Furnishings,-501.82,-59.28
Michigan,E N Cen,Furniture,Tables,0,-857.6
Michigan,E N Cen,Office Supplies,Appliances,-22.06,-23.98
Michigan,E N Cen,Office Supplies,Binders And Binder Accessories,-127.15,819.43
Michigan,E N Cen,Office Supplies,Envelopes,-281.93,171.52
Michigan,E N Cen,Office Supplies,Labels,573,930.73
Michigan,E N Cen,Office Supplies,Paper,-999.44,-599.41
Michigan,E N Cen,Office Supplies,Pens & Art Supplies,-2.62,84.11
Michigan,E N Cen,Office Supplies,Rubber Bands,126.21,-101.47
Michigan,E N Cen,Office Supplies,"Scissors, Rulers And Trimmers",-62.06,0
Michigan,E N Cen,Office Supplies,Storage & Organization,94.75,1715.81
Michigan,E N Cen,Technology,Computer Peripherals,3767.53,480.09
Michigan,E N Cen,Technology,Copiers And Fax,2900.33,6011.1
Michigan,E N Cen,Technology,Office Machines,11660.43,0
Michigan,E N Cen,Technology,Telephones And Communication,30017.2,31824.93
Minnesota,W N Cen,Furniture,Bookcases,-207.82,0
Minnesota,W N Cen,Furniture,Chairs & Chairmats,98.2,43.03
Minnesota,W N Cen,Furniture,Office Furnishings,-51.68,201.67
Minnesota,W N Cen,Furniture,Tables,-843.45,0
Minnesota,W N Cen,Office Supplies,Appliances,0,3.97
Minnesota,W N Cen,Office Supplies,Binders And Binder Accessories,1282.97,616.25
Minnesota,W N Cen,Office Supplies,Labels,148.27,510.78
Minnesota,W N Cen,Office Supplies,Paper,3079.49,-223.82
Minnesota,W N Cen,Office Supplies,Pens & Art Supplies,-108.82,30.51
Minnesota,W N Cen,Office Supplies,Rubber Bands,2.05,-21.19
Minnesota,W N Cen,Office Supplies,"Scissors, Rulers And Trimmers",-203.34,35.87
Minnesota,W N Cen,Office Supplies,Storage & Organization,-281.2,-1495.23
Minnesota,W N Cen,Technology,Computer Peripherals,438.87,1169.93
Minnesota,W N Cen,Technology,Office Machines,601.38,0
Minnesota,W N Cen,Technology,Telephones And Communication,6186.57,7762.98
Mississippi,E S Cen,Furniture,Bookcases,-650.55,-706.2
Mississippi,E S Cen,Furniture,Chairs & Chairmats,1287.44,2058.13
Mississippi,E S Cen,Furniture,Office Furnishings,160,-431
Mississippi,E S Cen,Furniture,Tables,-613.87,-524.51
Mississippi,E S Cen,Office Supplies,Appliances,131.08,7.2
Mississippi,E S Cen,Office Supplies,Binders And Binder Accessories,-537.65,-98.16
Mississippi,E S Cen,Office Supplies,Envelopes,-37.05,213.76
Mississippi,E S Cen,Office Supplies,Labels,1000.8,1673.43
Mississippi,E S Cen,Office Supplies,Paper,4823.38,6522.9
Mississippi,E S Cen,Office Supplies,Pens & Art Supplies,-5.95,87.7
Mississippi,E S Cen,Office Supplies,Rubber Bands,-2.04,29.45
Mississippi,E S Cen,Office Supplies,"Scissors, Rulers And Trimmers",-10.6,155.14
Mississippi,E S Cen,Office Supplies,Storage & Organization,279.86,-396.03
Mississippi,E S Cen,Technology,Computer Peripherals,6325.46,2780.28
Mississippi,E S Cen,Technology,Office Machines,0,-25.4
Mississippi,E S Cen,Technology,Telephones And Communication,27655.46,48996.83
Missouri,W N Cen,Furniture,Bookcases,0,-66.64
Missouri,W N Cen,Furniture,Chairs & Chairmats,1137.04,1240.87
Missouri,W N Cen,Furniture,Office Furnishings,163.76,-54.81
Missouri,W N Cen,Furniture,Tables,-2359.8,-1369.93
Missouri,W N Cen,Office Supplies,Appliances,-747.35,196.46
Missouri,W N Cen,Office Supplies,Binders And Binder Accessories,721.69,-73.66
Missouri,W N Cen,Office Supplies,Envelopes,-126.93,0
Missouri,W N Cen,Office Supplies,Labels,1018.63,663.18
Missouri,W N Cen,Office Supplies,Paper,945.64,4048.42
Missouri,W N Cen,Office Supplies,Pens & Art Supplies,78.26,-4.82
Missouri,W N Cen,Office Supplies,Rubber Bands,112.53,52.09
Missouri,W N Cen,Office Supplies,"Scissors, Rulers And Trimmers",-126.47,6
Missouri,W N Cen,Office Supplies,Storage & Organization,0,-166.4
Missouri,W N Cen,Technology,Computer Peripherals,695.75,1494.55
Missouri,W N Cen,Technology,Telephones And Communication,23487.71,45350.06
Montana,Mtn,Furniture,Bookcases,0,-783.46
Montana,Mtn,Furniture,Chairs & Chairmats,3045.02,2723.44
Montana,Mtn,Furniture,Office Furnishings,-38.42,-71.49
Montana,Mtn,Furniture,Tables,-1722.25,-1198.82
Montana,Mtn,Office Supplies,Appliances,98.18,4388.16
Montana,Mtn,Office Supplies,Binders And Binder Accessories,656.12,-14.95
Montana,Mtn,Office Supplies,Envelopes,-26.15,1835.79
Montana,Mtn,Office Supplies,Labels,629.13,725.98
Montana,Mtn,Office Supplies,Paper,2511.79,1591.91
Montana,Mtn,Office Supplies,Pens & Art Supplies,-93.71,198.04
Montana,Mtn,Office Supplies,Rubber Bands,-4.99,20.68
Montana,Mtn,Office Supplies,"Scissors, Rulers And Trimmers",-3.7,-24.89
Montana,Mtn,Office Supplies,Storage & Organization,-572.17,-1907.61
Montana,Mtn,Technology,Computer Peripherals,1596.13,1972.5
Montana,Mtn,Technology,Office Machines,0,-25.4
Montana,Mtn,Technology,Telephones And Communication,17788.82,24422.11
Nebraska,W N Cen,Furniture,Chairs & Chairmats,-871.53,-488.68
Nebraska,W N Cen,Furniture,Office Furnishings,-658.94,-302.52
Nebraska,W N Cen,Furniture,Tables,-1790.15,0
Nebraska,W N Cen,Office Supplies,Appliances,-10.74,198.25
Nebraska,W N Cen,Office Supplies,Binders And Binder Accessories,1242.26,-1.83
Nebraska,W N Cen,Office Supplies,Envelopes,-65.14,45.15
Nebraska,W N Cen,Office Supplies,Labels,333.96,956.61
Nebraska,W N Cen,Office Supplies,Paper,1427.01,3331.05
Nebraska,W N Cen,Office Supplies,Pens & Art Supplies,-37.62,154.93
Nebraska,W N Cen,Office Supplies,Rubber Bands,17.12,13.42
Nebraska,W N Cen,Office Supplies,"Scissors, Rulers And Trimmers",33.76,-115.38
Nebraska,W N Cen,Office Supplies,Storage & Organization,-370.37,-1097.75
Nebraska,W N Cen,Technology,Computer Peripherals,6065.9,2867.89
Nebraska,W N Cen,Technology,Office Machines,11660.43,0
Nebraska,W N Cen,Technology,Telephones And Communication,29961.21,27705.48
Nevada,Mtn,Furniture,Bookcases,-84.8,0
Nevada,Mtn,Furniture,Chairs & Chairmats,-1354.32,-30.57
Nevada,Mtn,Furniture,Office Furnishings,-364.7,-6.72
Nevada,Mtn,Furniture,Tables,-1866.3,-227.84
Nevada,Mtn,Office Supplies,Appliances,3611.59,0
Nevada,Mtn,Office Supplies,Binders And Binder Accessories,-241.01,-25.66
Nevada,Mtn,Office Supplies,Envelopes,0,965.54
Nevada,Mtn,Office Supplies,Labels,810.68,315.31
Nevada,Mtn,Office Supplies,Paper,1997.37,3170.52
Nevada,Mtn,Office Supplies,Pens & Art Supplies,17.58,80.6
Nevada,Mtn,Office Supplies,Rubber Bands,7.56,8.51
Nevada,Mtn,Office Supplies,"Scissors, Rulers And Trimmers",-34.51,0
Nevada,Mtn,Office Supplies,Storage & Organization,-808.19,-542.49
Nevada,Mtn,Technology,Computer Peripherals,742.94,170.51
Nevada,Mtn,Technology,Copiers And Fax,0,6967.73
Nevada,Mtn,Technology,Office Machines,601.38,0
Nevada,Mtn,Technology,Telephones And Communication,14815.52,21611.61
New Hampshire,N Eng,Furniture,Bookcases,-181.46,-1.57
New Hampshire,N Eng,Furniture,Chairs & Chairmats,785.07,1287.7
New Hampshire,N Eng,Furniture,Office Furnishings,-971.73,-753.36
New Hampshire,N Eng,Furniture,Tables,-4205.3,-1256.96
New Hampshire,N Eng,Office Supplies,Appliances,202.25,5584.05
New Hampshire,N Eng,Office Supplies,Binders And Binder Accessories,1875.25,453.4
New Hampshire,N Eng,Office Supplies,Envelopes,2460.86,118.17
New Hampshire,N Eng,Office Supplies,Labels,1354.91,493.25
New Hampshire,N Eng,Office Supplies,Paper,5938.03,3411.2
New Hampshire,N Eng,Office Supplies,Pens & Art Supplies,4.57,176.83
New Hampshire,N Eng,Office Supplies,Rubber Bands,-54.5,31.16
New Hampshire,N Eng,Office Supplies,"Scissors, Rulers And Trimmers",64.41,-41.11
New Hampshire,N Eng,Office Supplies,Storage & Organization,-1166.55,2.02
New Hampshire,N Eng,Technology,Computer Peripherals,5855.84,2682
New Hampshire,N Eng,Technology,Telephones And Communication,46978.93,47172.2
New Jersey,Mid Atl,Furniture,Chairs & Chairmats,0,316.04
New Jersey,Mid Atl,Furniture,Office Furnishings,368.17,-201.34
New Jersey,Mid Atl,Furniture,Tables,0,-123.42
New Jersey,Mid Atl,Office Supplies,Appliances,0,2.52
New Jersey,Mid Atl,Office Supplies,Binders And Binder Accessories,348.65,587.41
New Jersey,Mid Atl,Office Supplies,Envelopes,3193.06,0
New Jersey,Mid Atl,Office Supplies,Labels,31.71,186.02
New Jersey,Mid Atl,Office Supplies,Paper,2715.28,1171.14
New Jersey,Mid Atl,Office Supplies,Pens & Art Supplies,-11.91,104.09
New Jersey,Mid Atl,Office Supplies,Rubber Bands,0,10.26
New Jersey,Mid Atl,Office Supplies,"Scissors, Rulers And Trimmers",-8.86,-33.56
New Jersey,Mid Atl,Office Supplies,Storage & Organization,102.17,-1504.63
New Jersey,Mid Atl,Technology,Computer Peripherals,1685.98,62
New Jersey,Mid Atl,Technology,Telephones And Communication,10120.74,17608.61
New Mexico,Mtn,Furniture,Bookcases,13.49,-64.1
New Mexico,Mtn,Furniture,Chairs & Chairmats,-1014.54,-715.74
New Mexico,Mtn,Furniture,Office Furnishings,347.34,-259.34
New Mexico,Mtn,Furniture,Tables,221.22,-1069.41
New Mexico,Mtn,Office Supplies,Appliances,69.01,-1044.86
New Mexico,Mtn,Office Supplies,Binders And Binder Accessories,951.9,1729.5
New Mexico,Mtn,Office Supplies,Envelopes,0,274.75
New Mexico,Mtn,Office Supplies,Labels,871.65,370.74
New Mexico,Mtn,Office Supplies,Paper,2435.98,98.17
New Mexico,Mtn,Office Supplies,Pens & Art Supplies,0.89,142.3
New Mexico,Mtn,Office Supplies,Rubber Bands,19.7,-203.69
New Mexico,Mtn,Office Supplies,"Scissors, Rulers And Trimmers",-309.45,-230.51
New Mexico,Mtn,Office Supplies,Storage & Organization,3096.18,3613.26
New Mexico,Mtn,Technology,Computer Peripherals,3619.69,2871.49
New Mexico,Mtn,Technology,Copiers And Fax,0,8676.27
New Mexico,Mtn,Technology,Office Machines,-12.85,0
New Mexico,Mtn,Technology,Telephones And Communication,39721.15,30205.84
New York,Mid Atl,Furniture,Bookcases,0,-247.31
New York,Mid Atl,Furniture,Chairs & Chairmats,1101.74,-556.79
New York,Mid Atl,Furniture,Office Furnishings,-139.67,-31.95
New York,Mid Atl,Furniture,Tables,-593.57,-1155.69
New York,Mid Atl,Office Supplies,Appliances,0,294.36
New York,Mid Atl,Office Supplies,Binders And Binder Accessories,-284.34,1057.56
New York,Mid Atl,Office Supplies,Envelopes,392.5,-283.24
New York,Mid Atl,Office Supplies,Labels,698.01,272.08
New York,Mid Atl,Office Supplies,Paper,3510.65,3652.37
New York,Mid Atl,Office Supplies,Pens & Art Supplies,222.13,35.5
New York,Mid Atl,Office Supplies,Rubber Bands,0,-5.59
New York,Mid Atl,Office Supplies,"Scissors, Rulers And Trimmers",-173.03,-298.98
New York,Mid Atl,Office Supplies,Storage & Organization,-568.02,1857.12
New York,Mid Atl,Technology,Computer Peripherals,1938.14,2563.76
New York,Mid Atl,Technology,Copiers And Fax,0,8713.29
New York,Mid Atl,Technology,Telephones And Communication,7735.04,32867.66
North Carolina,S Atl,Furniture,Bookcases,-31.06,0
North Carolina,S Atl,Furniture,Chairs & Chairmats,3414.53,-804.85
North Carolina,S Atl,Furniture,Office Furnishings,24.07,56.2
North Carolina,S Atl,Office Supplies,Appliances,1091.79,-165.52
North Carolina,S Atl,Office Supplies,Binders And Binder Accessories,50.76,358.52
North Carolina,S Atl,Office Supplies,Envelopes,2182.15,0
North Carolina,S Atl,Office Supplies,Labels,769.76,189.3
North Carolina,S Atl,Office Supplies,Paper,6732.65,2380.69
North Carolina,S Atl,Office Supplies,Pens & Art Supplies,110.75,294.66
North Carolina,S Atl,Office Supplies,Rubber Bands,0,-3.94
North Carolina,S Atl,Office Supplies,"Scissors, Rulers And Trimmers",-21.94,0
North Carolina,S Atl,Office Supplies,Storage & Organization,-1620.78,-1920.94
North Carolina,S Atl,Technology,Computer Peripherals,2727.05,3163.06
North Carolina,S Atl,Technology,Copiers And Fax,0,6011.1
North Carolina,S Atl,Technology,Telephones And Communication,35629.73,20571.02
North Dakota,W N Cen,Furniture,Bookcases,13.49,-66.64
North Dakota,W N Cen,Furniture,Chairs & Chairmats,100.89,541.24
North Dakota,W N Cen,Furniture,Office Furnishings,95.16,-852.87
North Dakota,W N Cen,Furniture,Tables,543.73,0
North Dakota,W N Cen,Office Supplies,Appliances,0,864.76
North Dakota,W N Cen,Office Supplies,Binders And Binder Accessories,-270.92,-247.44
North Dakota,W N Cen,Office Supplies,Envelopes,-38.99,75.08
North Dakota,W N Cen,Office Supplies,Labels,575.83,489.38
North Dakota,W N Cen,Office Supplies,Paper,3523.49,3793.4
North Dakota,W N Cen,Office Supplies,Pens & Art Supplies,-68.39,163.63
North Dakota,W N Cen,Office Supplies,Rubber Bands,-12.15,16.16
North Dakota,W N Cen,Office Supplies,"Scissors, Rulers And Trimmers",0,-186.78
North Dakota,W N Cen,Office Supplies,Storage & Organization,1394.43,-1050.23
North Dakota,W N Cen,Technology,Computer Peripherals,3226.05,529.23
North Dakota,W N Cen,Technology,Copiers And Fax,6562.17,6011.1
North Dakota,W N Cen,Technology,Office Machines,6365.29,0
North Dakota,W N Cen,Technology,Telephones And Communication,31533.01,30608.1
Ohio,E N Cen,Furniture,Bookcases,-32.78,0
Ohio,E N Cen,Furniture,Chairs & Chairmats,0,523.02
Ohio,E N Cen,Furniture,Office Furnishings,-35.39,-837.86
Ohio,E N Cen,Furniture,Tables,-43.77,1184.36
Ohio,E N Cen,Office Supplies,Appliances,-39.18,4449.69
Ohio,E N Cen,Office Supplies,Binders And Binder Accessories,159.46,33.04
Ohio,E N Cen,Office Supplies,Envelopes,0,123.88
Ohio,E N Cen,Office Supplies,Labels,1025.63,743.42
Ohio,E N Cen,Office Supplies,Paper,-380.99,3443.7
Ohio,E N Cen,Office Supplies,Pens & Art Supplies,54.11,-15.16
Ohio,E N Cen,Office Supplies,Rubber Bands,141.07,7.48
Ohio,E N Cen,Office Supplies,"Scissors, Rulers And Trimmers",0,-115.38
Ohio,E N Cen,Office Supplies,Storage & Organization,-179.76,-392.54
Ohio,E N Cen,Technology,Computer Peripherals,2106.19,1514.4
Ohio,E N Cen,Technology,Copiers And Fax,6562.17,8885.1
Ohio,E N Cen,Technology,Telephones And Communication,29150.66,37422.49
Oklahoma,W S Cen,Furniture,Bookcases,0,-459.3
Oklahoma,W S Cen,Furniture,Chairs & Chairmats,0,2258.53
Oklahoma,W S Cen,Furniture,Office Furnishings,329.79,-263.13
Oklahoma,W S Cen,Furniture,Tables,-40.61,-679.55
Oklahoma,W S Cen,Office Supplies,Appliances,-17.24,180.16
Oklahoma,W S Cen,Office Supplies,Binders And Binder Accessories,16.02,266.15
Oklahoma,W S Cen,Office Supplies,Envelopes,0,119.81
Oklahoma,W S Cen,Office Supplies,Labels,365.59,837.65
Oklahoma,W S Cen,Office Supplies,Paper,3004.01,4385.01
Oklahoma,W S Cen,Office Supplies,Pens & Art Supplies,-104.03,8.49
Oklahoma,W S Cen,Office Supplies,Rubber Bands,47.94,9.71
Oklahoma,W S Cen,Office Supplies,"Scissors, Rulers And Trimmers",-53.03,-52.38
Oklahoma,W S Cen,Office Supplies,Storage & Organization,-143.36,-126.27
Oklahoma,W S Cen,Technology,Computer Peripherals,805.55,124.27
Oklahoma,W S Cen,Technology,Copiers And Fax,11790.86,0
Oklahoma,W S Cen,Technology,Office Machines,-12.85,0
Oklahoma,W S Cen,Technology,Telephones And Communication,17895.46,47844.83
Oregon,Pacific,Furniture,Bookcases,-7.33,-2228.17
Oregon,Pacific,Furniture,Chairs & Chairmats,501.45,6705.26
Oregon,Pacific,Furniture,Office Furnishings,-384.22,-379.41
Oregon,Pacific,Furniture,Tables,-1499.69,-1285.92
Oregon,Pacific,Office Supplies,Appliances,2178.63,-430.18
Oregon,Pacific,Office Supplies,Binders And Binder Accessories,930.08,11.58
Oregon,Pacific,Office Supplies,Envelopes,1477.08,103.02
Oregon,Pacific,Office Supplies,Labels,867.93,347.15
Oregon,Pacific,Office Supplies,Paper,6990.51,6317.9
Oregon,Pacific,Office Supplies,Pens & Art Supplies,150.4,-174.83
Oregon,Pacific,Office Supplies,Rubber Bands,47.02,85.43
Oregon,Pacific,Office Supplies,"Scissors, Rulers And Trimmers",-36.95,-179.22
Oregon,Pacific,Office Supplies,Storage & Organization,753.03,839.95
Oregon,Pacific,Technology,Computer Peripherals,4127.56,6313.71
Oregon,Pacific,Technology,Copiers And Fax,2900.33,956.63
Oregon,Pacific,Technology,Office Machines,601.38,0
Oregon,Pacific,Technology,Telephones And Communication,54979.98,53102.1
Pennsylvania,Mid Atl,Furniture,Bookcases,-714.43,0
Pennsylvania,Mid Atl,Furniture,Chairs & Chairmats,-221.18,-147.95
Pennsylvania,Mid Atl,Furniture,Office Furnishings,440.3,-428.56
Pennsylvania,Mid Atl,Furniture,Tables,-1430.69,-21.67
Pennsylvania,Mid Atl,Office Supplies,Appliances,-23.62,3.97
Pennsylvania,Mid Atl,Office Supplies,Binders And Binder Accessories,121.16,156.37
Pennsylvania,Mid Atl,Office Supplies,Envelopes,951.03,0
Pennsylvania,Mid Atl,Office Supplies,Labels,368.81,584.32
Pennsylvania,Mid Atl,Office Supplies,Paper,2171,1388.3
Pennsylvania,Mid Atl,Office Supplies,Pens & Art Supplies,21.9,110.48
Pennsylvania,Mid Atl,Office Supplies,Rubber Bands,-14.14,-56.08
Pennsylvania,Mid Atl,Office Supplies,"Scissors, Rulers And Trimmers",0,100.86
Pennsylvania,Mid Atl,Office Supplies,Storage & Organization,-1174.32,612.2
Pennsylvania,Mid Atl,Technology,Computer Peripherals,1831.04,2422.41
Pennsylvania,Mid Atl,Technology,Telephones And Communication,36427.2,38451.98
Rhode Island,N Eng,Furniture,Chairs & Chairmats,1714.07,2841.76
Rhode Island,N Eng,Furniture,Office Furnishings,470.14,-424.1
Rhode Island,N Eng,Furniture,Tables,12.48,-2891.79
Rhode Island,N Eng,Office Supplies,Appliances,56.67,3.97
Rhode Island,N Eng,Office Supplies,Binders And Binder Accessories,1328.82,951.71
Rhode Island,N Eng,Office Supplies,Labels,531.15,1108.97
Rhode Island,N Eng,Office Supplies,Paper,2971.11,4581.67
Rhode Island,N Eng,Office Supplies,Pens & Art Supplies,-404.17,82.75
Rhode Island,N Eng,Office Supplies,Rubber Bands,72,24.45
Rhode Island,N Eng,Office Supplies,"Scissors, Rulers And Trimmers",64.41,39.11
Rhode Island,N Eng,Office Supplies,Storage & Organization,20.36,-382.63
Rhode Island,N Eng,Technology,Computer Peripherals,2054.29,604.72
Rhode Island,N Eng,Technology,Telephones And Communication,18248.27,36465.01
South Carolina,S Atl,Furniture,Chairs & Chairmats,51.21,1637.82
South Carolina,S Atl,Furniture,Office Furnishings,-15.77,36.44
South Carolina,S Atl,Furniture,Tables,807.85,-679.55
South Carolina,S Atl,Office Supplies,Appliances,56.81,0
South Carolina,S Atl,Office Supplies,Binders And Binder Accessories,-54.53,-134.99
South Carolina,S Atl,Office Supplies,Envelopes,1000.92,0
South Carolina,S Atl,Office Supplies,Labels,118.69,642.44
South Carolina,S Atl,Office Supplies,Paper,1346.02,485.66
South Carolina,S Atl,Office Supplies,Pens & Art Supplies,41.37,1.89
South Carolina,S Atl,Office Supplies,Rubber Bands,0,42.69
South Carolina,S Atl,Office Supplies,"Scissors, Rulers And Trimmers",0,40.29
South Carolina,S Atl,Office Supplies,Storage & Organization,-46.34,-228.93
South Carolina,S Atl,Technology,Computer Peripherals,619.08,2362.15
South Carolina,S Atl,Technology,Office Machines,0,-25.4
South Carolina,S Atl,Technology,Telephones And Communication,26535.51,19465.67
South Dakota,W N Cen,Furniture,Bookcases,0,-66.64
South Dakota,W N Cen,Furniture,Chairs & Chairmats,0,204.69
South Dakota,W N Cen,Furniture,Office Furnishings,47.84,196.35
South Dakota,W N Cen,Office Supplies,Appliances,1800.13,-67.58
South Dakota,W N Cen,Office Supplies,Binders And Binder Accessories,484.61,-792.96
South Dakota,W N Cen,Office Supplies,Envelopes,0,679.45
South Dakota,W N Cen,Office Supplies,Labels,514.85,601
South Dakota,W N Cen,Office Supplies,Paper,4732.16,1127.11
South Dakota,W N Cen,Office Supplies,Pens & Art Supplies,104.02,-1.51
South Dakota,W N Cen,Office Supplies,Rubber Bands,18.24,12.24
South Dakota,W N Cen,Office Supplies,"Scissors, Rulers And Trimmers",-33.14,199.25
South Dakota,W N Cen,Office Supplies,Storage & Organization,-2540.75,-237.24
South Dakota,W N Cen,Technology,Computer Peripherals,2613.74,2326.84
South Dakota,W N Cen,Technology,Copiers And Fax,0,8713.29
South Dakota,W N Cen,Technology,Telephones And Communication,27336.38,46604.1
Tennessee,E S Cen,Furniture,Bookcases,-129.88,428.59
Tennessee,E S Cen,Furniture,Chairs & Chairmats,40.76,-195.34
Tennessee,E S Cen,Furniture,Office Furnishings,-198.92,54.31
Tennessee,E S Cen,Furniture,Tables,584.34,0
Tennessee,E S Cen,Office Supplies,Appliances,0,66.73
Tennessee,E S Cen,Office Supplies,Binders And Binder Accessories,116.33,635.7
Tennessee,E S Cen,Office Supplies,Envelopes,965.8,90.32
Tennessee,E S Cen,Office Supplies,Labels,420.65,816.51
Tennessee,E S Cen,Office Supplies,Paper,2348.82,3187.13
Tennessee,E S Cen,Office Supplies,Pens & Art Supplies,77.88,115.31
Tennessee,E S Cen,Office Supplies,Rubber Bands,-85.11,11.37
Tennessee,E S Cen,Office Supplies,"Scissors, Rulers And Trimmers",-3.7,164.07
Tennessee,E S Cen,Office Supplies,Storage & Organization,-1452.85,-98.64
Tennessee,E S Cen,Technology,Computer Peripherals,1442.07,1492.38
Tennessee,E S Cen,Technology,Telephones And Communication,28114.61,40438.09
Texas,W S Cen,Furniture,Bookcases,-273.51,0
Texas,W S Cen,Furniture,Chairs & Chairmats,-931.41,3669.36
Texas,W S Cen,Furniture,Office Furnishings,195.17,29.35
Texas,W S Cen,Furniture,Tables,-1366.84,171.11
Texas,W S Cen,Office Supplies,Appliances,-9.72,167.04
Texas,W S Cen,Office Supplies,Binders And Binder Accessories,-122.29,2078.14
Texas,W S Cen,Office Supplies,Envelopes,0,3720.41
Texas,W S Cen,Office Supplies,Labels,377.97,1378.81
Texas,W S Cen,Office Supplies,Paper,7028.79,3292.25
Texas,W S Cen,Office Supplies,Pens & Art Supplies,168.27,-102.11
Texas,W S Cen,Office Supplies,Rubber Bands,81.96,-33.57
Texas,W S Cen,Office Supplies,"Scissors, Rulers And Trimmers",-173.03,39.11
Texas,W S Cen,Office Supplies,Storage & Organization,1433,-708.69
Texas,W S Cen,Technology,Computer Peripherals,1016.13,2910.17
Texas,W S Cen,Technology,Copiers And Fax,4438.89,0
Texas,W S Cen,Technology,Telephones And Communication,38434.44,40336.64
Utah,Mtn,Furniture,Bookcases,0,-32.05
Utah,Mtn,Furniture,Chairs & Chairmats,804.02,422.02
Utah,Mtn,Furniture,Office Furnishings,-58.86,-107.67
Utah,Mtn,Furniture,Tables,0,492.57
Utah,Mtn,Office Supplies,Appliances,1800.13,864.76
Utah,Mtn,Office Supplies,Binders And Binder Accessories,-160.69,72.6
Utah,Mtn,Office Supplies,Envelopes,42.4,21.5
Utah,Mtn,Office Supplies,Labels,112.77,227.06
Utah,Mtn,Office Supplies,Paper,244.6,2605.19
Utah,Mtn,Office Supplies,Pens & Art Supplies,80.15,5.64
Utah,Mtn,Office Supplies,Rubber Bands,30.12,-21.35
Utah,Mtn,Office Supplies,"Scissors, Rulers And Trimmers",10.03,0
Utah,Mtn,Office Supplies,Storage & Organization,0,1867.78
Utah,Mtn,Technology,Computer Peripherals,1961.94,1203.98
Utah,Mtn,Technology,Telephones And Communication,22381.7,25835.11
Vermont,N Eng,Furniture,Bookcases,339.55,0
Vermont,N Eng,Furniture,Chairs & Chairmats,-288.64,5210.37
Vermont,N Eng,Furniture,Office Furnishings,-202.29,-537.75
Vermont,N Eng,Office Supplies,Appliances,220.52,2984.96
Vermont,N Eng,Office Supplies,Binders And Binder Accessories,-145.8,1807.41
Vermont,N Eng,Office Supplies,Envelopes,0.96,-40.1
Vermont,N Eng,Office Supplies,Labels,1382.08,222.34
Vermont,N Eng,Office Supplies,Paper,1328.5,1287.44
Vermont,N Eng,Office Supplies,Pens & Art Supplies,-251.57,-38.39
Vermont,N Eng,Office Supplies,Rubber Bands,66.23,71.71
Vermont,N Eng,Office Supplies,"Scissors, Rulers And Trimmers",30.18,0
Vermont,N Eng,Office Supplies,Storage & Organization,-1506.25,-1623.41
Vermont,N Eng,Technology,Computer Peripherals,1358.57,3227.81
Vermont,N Eng,Technology,Telephones And Communication,33410.95,61315.17
Virginia,S Atl,Furniture,Chairs & Chairmats,1847.01,225.14
Virginia,S Atl,Furniture,Office Furnishings,-93.71,35.37
Virginia,S Atl,Furniture,Tables,-576.08,-56.64
Virginia,S Atl,Office Supplies,Appliances,13.87,-1507.99
Virginia,S Atl,Office Supplies,Binders And Binder Accessories,164.58,-96.89
Virginia,S Atl,Office Supplies,Envelopes,-27.59,176.17
Virginia,S Atl,Office Supplies,Labels,355.31,802.07
Virginia,S Atl,Office Supplies,Paper,2535.88,4249.12
Virginia,S Atl,Office Supplies,Pens & Art Supplies,-75.75,132.14
Virginia,S Atl,Office Supplies,Rubber Bands,31.51,-3.88
Virginia,S Atl,Office Supplies,"Scissors, Rulers And Trimmers",-209.98,63
Virginia,S Atl,Office Supplies,Storage & Organization,1059.16,-2858.12
Virginia,S Atl,Technology,Computer Peripherals,1666.02,1359.66
Virginia,S Atl,Technology,Telephones And Communication,26050.52,28298.24
Washington,Pacific,Furniture,Bookcases,0,-706.2
Washington,Pacific,Furniture,Chairs & Chairmats,6231.95,282.95
Washington,Pacific,Furniture,Office Furnishings,265.31,-680.83
Washington,Pacific,Furniture,Tables,-2281.21,-1603.46
Washington,Pacific,Office Supplies,Appliances,265,111.36
Washington,Pacific,Office Supplies,Binders And Binder Accessories,-228.47,523.99
Washington,Pacific,Office Supplies,Envelopes,883.51,55.83
Washington,Pacific,Office Supplies,Labels,813.18,298.55
Washington,Pacific,Office Supplies,Paper,1958.07,3373.11
Washington,Pacific,Office Supplies,Pens & Art Supplies,146.7,217.87
Washington,Pacific,Office Supplies,Rubber Bands,0.83,12.99
Washington,Pacific,Office Supplies,"Scissors, Rulers And Trimmers",30.18,-173.99
Washington,Pacific,Office Supplies,Storage & Organization,1015.06,2531.17
Washington,Pacific,Technology,Computer Peripherals,4428.22,1541.45
Washington,Pacific,Technology,Copiers And Fax,0,8885.1
Washington,Pacific,Technology,Telephones And Communication,31756.08,30908.75
West Virginia,S Atl,Furniture,Chairs & Chairmats,5479.04,2635.67
West Virginia,S Atl,Furniture,Office Furnishings,130.83,-92.86
West Virginia,S Atl,Furniture,Tables,1430.63,0
West Virginia,S Atl,Office Supplies,Appliances,-1437.26,2738.34
West Virginia,S Atl,Office Supplies,Binders And Binder Accessories,1008.68,683.97
West Virginia,S Atl,Office Supplies,Envelopes,16.46,0
West Virginia,S Atl,Office Supplies,Labels,739.49,638.96
West Virginia,S Atl,Office Supplies,Paper,2285.91,1454.87
West Virginia,S Atl,Office Supplies,Pens & Art Supplies,-52.93,362.71
West Virginia,S Atl,Office Supplies,Rubber Bands,39.15,40.14
West Virginia,S Atl,Office Supplies,"Scissors, Rulers And Trimmers",0,64.72
West Virginia,S Atl,Office Supplies,Storage & Organization,1685.08,-282.99
West Virginia,S Atl,Technology,Computer Peripherals,1598.67,1522.07
West Virginia,S Atl,Technology,Telephones And Communication,31151.27,48870.71
Wisconsin,E N Cen,Furniture,Bookcases,0,-101.76
Wisconsin,E N Cen,Furniture,Chairs & Chairmats,-1069.97,-803.43
Wisconsin,E N Cen,Furniture,Office Furnishings,347.4,164.43
Wisconsin,E N Cen,Furniture,Tables,-933.17,-876.5
Wisconsin,E N Cen,Office Supplies,Appliances,81.06,25.51
Wisconsin,E N Cen,Office Supplies,Binders And Binder Accessories,1383.66,2065.55
Wisconsin,E N Cen,Office Supplies,Envelopes,245.83,0
Wisconsin,E N Cen,Office Supplies,Labels,408.26,1107.56
Wisconsin,E N Cen,Office Supplies,Paper,4780.31,6958.2
Wisconsin,E N Cen,Office Supplies,Pens & Art Supplies,112.67,134.94
Wisconsin,E N Cen,Office Supplies,Rubber Bands,20.34,-111.14
Wisconsin,E N Cen,Office Supplies,"Scissors, Rulers And Trimmers",-43.89,-60.61
Wisconsin,E N Cen,Office Supplies,Storage & Organization,-563.25,-142.32
Wisconsin,E N Cen,Technology,Computer Peripherals,6683.43,843.43
Wisconsin,E N Cen,Technology,Telephones And Communication,21833.16,36789.31
Wyoming,Mtn,Furniture,Bookcases,0,-706.2
Wyoming,Mtn,Furniture,Chairs & Chairmats,-2353.34,-627.97
Wyoming,Mtn,Furniture,Office Furnishings,506.3,-150.66
Wyoming,Mtn,Furniture,Tables,0,-716.35
Wyoming,Mtn,Office Supplies,Appliances,5425.59,5306.51
Wyoming,Mtn,Office Supplies,Binders And Binder Accessories,436.33,-86.83
Wyoming,Mtn,Office Supplies,Envelopes,382.68,-14.17
Wyoming,Mtn,Office Supplies,Labels,429.48,793.99
Wyoming,Mtn,Office Supplies,Paper,5202.5,3107.95
Wyoming,Mtn,Office Supplies,Pens & Art Supplies,389.92,49.28
Wyoming,Mtn,Office Supplies,Rubber Bands,-29.93,46.78
Wyoming,Mtn,Office Supplies,"Scissors, Rulers And Trimmers",-135.1,84.69
Wyoming,Mtn,Office Supplies,Storage & Organization,-106.74,-213.04
Wyoming,Mtn,Technology,Computer Peripherals,1088.98,750.49
Wyoming,Mtn,Technology,Copiers And Fax,4438.89,0
Wyoming,Mtn,Technology,Telephones And Communication,24933.35,29573.31
Grand total,Grand total,Grand total,Grand total,1988541.4,2234130.88
